{
  "project_info": {
    "project_number": "1036918318531",
    "firebase_url": "https://gopalotpauth.firebaseio.com",
    "project_id": "gopalotpauth",
    "storage_bucket": "gopalotpauth.appspot.com"
  },
  "client": [
    {
      "client_info": {
        "mobilesdk_app_id": "1:1036918318531:android:14b0f36afb8766f798c976",
        "android_client_info": {
          "package_name": "com.example.bhaopt"
        }
      },
      "oauth_client": [
        {
          "client_id": "1036918318531-nca8pbbi58djpotrurmmfb8qcaqouhuk.apps.googleusercontent.com",
          "client_type": 1,
          "android_info": {
            "package_name": "com.example.bhaopt",
            "certificate_hash": "3f877c5dfe7a0de2bded5aa354a371edaabd5a14"
          }
        },
        {
          "client_id": "1036918318531-4nev4th4cp6ueoj0j1gkkchr3eigkuic.apps.googleusercontent.com",
          "client_type": 3
        }
      ],
      "api_key": [
        {
          "current_key": "AIzaSyCII3Rjfig4eQGKwpzZIv-Nq0vBg_O0S1U"
        }
      ],
      "services": {
        "appinvite_service": {
          "other_platform_oauth_client": [
            {
              "client_id": "1036918318531-4nev4th4cp6ueoj0j1gkkchr3eigkuic.apps.googleusercontent.com",
              "client_type": 3
            }
          ]
        }
      }
    },
    {
      "client_info": {
        "mobilesdk_app_id": "1:1036918318531:android:f252045883fe6bf698c976",
        "android_client_info": {
          "package_name": "com.example.firebaseemailpwdauth"
        }
      },
      "oauth_client": [
        {
          "client_id": "1036918318531-dvtcuse60ehkrdtbfkkgbiht2qp65n16.apps.googleusercontent.com",
          "client_type": 1,
          "android_info": {
            "package_name": "com.example.firebaseemailpwdauth",
            "certificate_hash": "3f877c5dfe7a0de2bded5aa354a371edaabd5a14"
          }
        },
        {
          "client_id": "1036918318531-4nev4th4cp6ueoj0j1gkkchr3eigkuic.apps.googleusercontent.com",
          "client_type": 3
        }
      ],
      "api_key": [
        {
          "current_key": "AIzaSyCII3Rjfig4eQGKwpzZIv-Nq0vBg_O0S1U"
        }
      ],
      "services": {
        "appinvite_service": {
          "other_platform_oauth_client": [
            {
              "client_id": "1036918318531-4nev4th4cp6ueoj0j1gkkchr3eigkuic.apps.googleusercontent.com",
              "client_type": 3
            }
          ]
        }
      }
    },
    {
      "client_info": {
        "mobilesdk_app_id": "1:1036918318531:android:8fae37a9f08b309a98c976",
        "android_client_info": {
          "package_name": "com.example.firebasepushnotification"
        }
      },
      "oauth_client": [
        {
          "client_id": "1036918318531-ueopkq436ob1433ji624roflha2q1iqg.apps.googleusercontent.com",
          "client_type": 1,
          "android_info": {
            "package_name": "com.example.firebasepushnotification",
            "certificate_hash": "3f877c5dfe7a0de2bded5aa354a371edaabd5a14"
          }
        },
        {
          "client_id": "1036918318531-4nev4th4cp6ueoj0j1gkkchr3eigkuic.apps.googleusercontent.com",
          "client_type": 3
        }
      ],
      "api_key": [
        {
          "current_key": "AIzaSyCII3Rjfig4eQGKwpzZIv-Nq0vBg_O0S1U"
        }
      ],
      "services": {
        "appinvite_service": {
          "other_platform_oauth_client": [
            {
              "client_id": "1036918318531-4nev4th4cp6ueoj0j1gkkchr3eigkuic.apps.googleusercontent.com",
              "client_type": 3
            }
          ]
        }
      }
    },
    {
      "client_info": {
        "mobilesdk_app_id": "1:1036918318531:android:3bf7cd740187c79498c976",
        "android_client_info": {
          "package_name": "com.example.googlesignin"
        }
      },
      "oauth_client": [
        {
          "client_id": "1036918318531-djja9qp0lnhsssk78agdqfeor342ns95.apps.googleusercontent.com",
          "client_type": 1,
          "android_info": {
            "package_name": "com.example.googlesignin",
            "certificate_hash": "3f877c5dfe7a0de2bded5aa354a371edaabd5a14"
          }
        },
        {
          "client_id": "1036918318531-4nev4th4cp6ueoj0j1gkkchr3eigkuic.apps.googleusercontent.com",
          "client_type": 3
        }
      ],
      "api_key": [
        {
          "current_key": "AIzaSyCII3Rjfig4eQGKwpzZIv-Nq0vBg_O0S1U"
        }
      ],
      "services": {
        "appinvite_service": {
          "other_platform_oauth_client": [
            {
              "client_id": "1036918318531-4nev4th4cp6ueoj0j1gkkchr3eigkuic.apps.googleusercontent.com",
              "client_type": 3
            }
          ]
        }
      }
    },
    {
      "client_info": {
        "mobilesdk_app_id": "1:1036918318531:android:67fdbe2b491bebfc98c976",
        "android_client_info": {
          "package_name": "com.example.gopalotpauth"
        }
      },
      "oauth_client": [
        {
          "client_id": "1036918318531-321ossc2hdqlb8jgcv90v925rfka3f9p.apps.googleusercontent.com",
          "client_type": 1,
          "android_info": {
            "package_name": "com.example.gopalotpauth",
            "certificate_hash": "3f877c5dfe7a0de2bded5aa354a371edaabd5a14"
          }
        },
        {
          "client_id": "1036918318531-4nev4th4cp6ueoj0j1gkkchr3eigkuic.apps.googleusercontent.com",
          "client_type": 3
        }
      ],
      "api_key": [
        {
          "current_key": "AIzaSyCII3Rjfig4eQGKwpzZIv-Nq0vBg_O0S1U"
        }
      ],
      "services": {
        "appinvite_service": {
          "other_platform_oauth_client": [
            {
              "client_id": "1036918318531-4nev4th4cp6ueoj0j1gkkchr3eigkuic.apps.googleusercontent.com",
              "client_type": 3
            }
          ]
        }
      }
    },
    {
      "client_info": {
        "mobilesdk_app_id": "1:1036918318531:android:41b0f99d203e3da998c976",
        "android_client_info": {
          "package_name": "com.example.phoneotpauth"
        }
      },
      "oauth_client": [
        {
          "client_id": "1036918318531-j050lu000afpgd3am0a4bmirht8dtmll.apps.googleusercontent.com",
          "client_type": 1,
          "android_info": {
            "package_name": "com.example.phoneotpauth",
            "certificate_hash": "3f877c5dfe7a0de2bded5aa354a371edaabd5a14"
          }
        },
        {
          "client_id": "1036918318531-4nev4th4cp6ueoj0j1gkkchr3eigkuic.apps.googleusercontent.com",
          "client_type": 3
        }
      ],
      "api_key": [
        {
          "current_key": "AIzaSyCII3Rjfig4eQGKwpzZIv-Nq0vBg_O0S1U"
        }
      ],
      "services": {
        "appinvite_service": {
          "other_platform_oauth_client": [
            {
              "client_id": "1036918318531-4nev4th4cp6ueoj0j1gkkchr3eigkuic.apps.googleusercontent.com",
              "client_type": 3
            }
          ]
        }
      }
    },
    {
      "client_info": {
        "mobilesdk_app_id": "1:1036918318531:android:5c99061bdeb5a1a798c976",
        "android_client_info": {
          "package_name": "com.example.signin"
        }
      },
      "oauth_client": [
        {
          "client_id": "1036918318531-b5aqchvg89pq8ug7iaupoalh24usqmdr.apps.googleusercontent.com",
          "client_type": 1,
          "android_info": {
            "package_name": "com.example.signin",
            "certificate_hash": "3f877c5dfe7a0de2bded5aa354a371edaabd5a14"
          }
        },
        {
          "client_id": "1036918318531-4nev4th4cp6ueoj0j1gkkchr3eigkuic.apps.googleusercontent.com",
          "client_type": 3
        }
      ],
      "api_key": [
        {
          "current_key": "AIzaSyCII3Rjfig4eQGKwpzZIv-Nq0vBg_O0S1U"
        }
      ],
      "services": {
        "appinvite_service": {
          "other_platform_oauth_client": [
            {
              "client_id": "1036918318531-4nev4th4cp6ueoj0j1gkkchr3eigkuic.apps.googleusercontent.com",
              "client_type": 3
            }
          ]
        }
      }
    }
  ],
  "configuration_version": "1"
}